Split,Client,Loss,Variance,Divergence,R_k,Alpha,RMSE,MAE
0.05,Client_1,0.019253619491181574,5.918042006669566e-06,0.06939671175288302,32.57476493033201,0.5175298583418169,0.1475689560174942,0.10101590305566788
0.05,Client_3,0.018695077500903136,1.0059025953523815e-05,0.09536694256322724,0.6356572036662411,0.05510836850649565,0.14181029796600342,0.09654468297958374
0.05,Client_2,0.019623961736200964,4.050619281770196e-06,0.0695634191589696,26.95668475332818,0.42736176315168745,0.1341409683227539,0.09623809158802032
0.05,Client_1,0.017828239210736545,0.0013081284705549479,0.21307014926735843,2.1132972747884873,0.0681178742210317,0.14600592851638794,0.10098089277744293
0.05,Client_3,0.013410226918572467,0.007234647870063782,0.2883251455745527,0.6272697255649297,0.06469957778092786,0.14055679738521576,0.09675914794206619
0.05,Client_2,0.018305403856279,3.455176192801446e-05,0.07367725510682378,27.656840713176027,0.8671825379980405,0.13298943638801575,0.09650883823633194
0.05,Client_3,0.011945804287380473,0.00876985676586628,0.277005973937256,0.627268590741709,0.06614207340662609,0.14375776052474976,0.10042256116867065
0.05,Client_1,0.016174997313393575,0.005478637292981148,0.26944629329123665,0.03472457190518422,0.003073985343891327,0.1386099010705948,0.09638765454292297
0.05,Client_2,0.017681678124148465,0.00013532821321859956,0.09766149214868035,27.656807589989032,0.9307839312494828,0.13118326663970947,0.09620332717895508
0.05,Client_2,0.016802523863569438,0.0008530428167432547,0.1562142259042178,27.656789010565287,0.929703274514186,0.13447219133377075,0.09450002759695053
0.05,Client_1,0.013957468289159768,0.007694716099649668,0.2510935939582331,0.010871159543323565,0.002271353982552028,0.13927659392356873,0.09833888709545135
0.05,Client_3,0.010455198336611654,0.009039823897182941,0.24903772345611028,0.6840619927693777,0.06802536150326202,0.12732408940792084,0.09443860501050949
0.05,Client_3,0.008364719890857453,0.010205627419054508,0.21086980788303272,34.24825511670563,0.965976882374256,0.11755798757076263,0.09139124304056168
0.05,Client_2,0.013778474517322075,0.007075961213558912,0.23198028574032442,0.5065532706307185,0.014287417531323269,0.12376730889081955,0.09122233837842941
0.05,Client_1,0.01074375977599231,0.009526158683001995,0.21488607528486423,0.6630575937064828,0.019735690094420884,0.12731976807117462,0.09407098591327667
0.05,Client_3,0.00601902516062075,0.010021769441664219,0.14814203857843364,31.793269856220284,0.0724842233827117,0.10574685037136078,0.08052437752485275
0.05,Client_2,0.00996557146501573,0.00997843686491251,0.17617327214351722,0.0002672087993613391,0.0006665089668305439,0.11512797325849533,0.08343058824539185
0.05,Client_1,0.00739434006691199,0.009255744516849518,0.1476103404004659,1071.775029511515,0.9268492576504578,0.11125252395868301,0.07996691763401031
0.05,Client_1,0.005184021997425985,0.013881023041903973,0.12269162120563644,0.26318425522249494,0.0019415944684056778,0.09256955981254578,0.06908128410577774
0.05,Client_3,0.004780310422264813,0.011830510571599007,0.11876188471381154,7075.667548233343,0.9973239423259492,0.10097517818212509,0.07215394824743271
0.05,Client_2,0.00782598135987702,0.01080379169434309,0.13213140677128518,0.5065567364105105,0.0007344532056451845,0.09709235280752182,0.06818423420190811
0.05,Client_3,0.004078199079954332,0.014991608448326588,0.09646454865911178,0.627287790092082,0.1913564763875734,0.08428898453712463,0.057319168001413345
0.05,Client_2,0.004632595311572923,0.012515995651483536,0.09513544051774911,1.4248262517662955,0.33299565439392387,0.08797145634889603,0.06187606602907181
0.05,Client_1,0.004348051066810755,0.01428466197103262,0.09132346324622631,2.0311162314597135,0.4756478592185028,0.08086100220680237,0.058732081204652786
0.05,Client_3,0.0036689086840156013,0.012492993846535683,0.06522225069680385,102090.0,0.9974257105573258,0.07459664344787598,0.04884157329797745
0.05,Client_1,0.004394234835884399,0.01340228971093893,0.0665604615850108,0.19569739923454615,0.0019079994919414794,0.0721186026930809,0.05050108581781387
0.05,Client_2,0.00514981052618986,0.013448159210383892,0.07774870470166206,0.0001699474795769609,0.0006662799507327738,0.07785195857286453,0.0535091795027256
0.05,Client_1,0.003961335927135351,0.013658828102052212,0.048452169235263555,12.452113239380278,0.002124618951053082,0.06622358411550522,0.04464858025312424
0.05,Client_2,0.005519799657117114,0.014603613875806332,0.0741675305845482,0.00016993730461532176,0.0006662813465018084,0.06793252378702164,0.04293198138475418
0.05,Client_3,0.003453424523255977,0.012191944755613804,0.052513676695525646,54276.50259965243,0.9972090897024453,0.07064445316791534,0.0475788339972496
0.05,Client_3,0.003335279837025375,0.014503139071166515,0.0494767769372889,11.462401912167293,0.7964433764149357,0.062059447169303894,0.03903847187757492
0.05,Client_2,0.0037393716564586084,0.01384602952748537,0.045960888266563416,3.0351355725025315,0.19962903660716474,0.0637199804186821,0.04330362752079964
0.05,Client_1,0.0037242437902475834,0.014877883717417717,0.041621312366000245,0.030836084806268278,0.003927576977899562,0.06131352111697197,0.04085330665111542
0.05,Client_1,0.0036542693484938383,0.015920480713248253,0.04050781863874623,0.6171300386805697,0.0019143482996522203,0.05853822082281113,0.035594865679740906
0.05,Client_2,0.0049972022648890535,0.014457576908171177,0.056383478588291576,0.014954108658108839,0.0006664764457216294,0.06032222881913185,0.0385965034365654
0.05,Client_3,0.003289873372658255,0.013306592591106892,0.04189926306051867,71899.50665504481,0.9974191652546264,0.05897403880953789,0.03411488980054855
0.05,Client_3,0.0031857770330312187,0.017435716465115547,0.04926620530230658,0.6272809526106264,0.0499820777132528,0.056620582938194275,0.03455159068107605
0.05,Client_1,0.003695502881538537,0.015303926542401314,0.03213752061128616,8.142814478589354,0.06597430892381982,0.056439708918333054,0.033200617879629135
0.05,Client_2,0.003432327945114185,0.014457336626946926,0.03498169334073152,112.273873207215,0.8840436033629275,0.05689632147550583,0.03690946847200394
0.05,Client_1,0.0037133377743798963,0.017256826162338257,0.036606939642557075,0.5242812954563103,0.0019110647724532744,0.055311623960733414,0.031681958585977554
0.05,Client_3,0.003191312487752815,0.01465254183858633,0.036579504808677096,102090.0,0.9974219853622233,0.054894182831048965,0.030727598816156387
0.05,Client_2,0.005255843916046628,0.01529262401163578,0.057065801694989204,0.07090957586554147,0.0006669398653235404,0.05480572208762169,0.033958256244659424
0.05,Client_3,0.0031414025321475953,0.011196722276508808,0.0378419283245291,25608.22616931406,0.9956865147457381,0.05668116360902786,0.03060052916407585
0.05,Client_1,0.003972967885666885,0.013054016046226025,0.026690726966730187,46.89930314512941,0.0036471905805718938,0.05735590681433678,0.03359827771782875
0.05,Client_2,0.005531412743254391,0.01594185084104538,0.05894429888576269,0.000169934033509723,0.0006662846736902056,0.05681004747748375,0.030255552381277084
0.05,Client_1,0.0036222431368835035,0.014799182303249836,0.024105497702424015,329.4514789554448,0.9514708025938448,0.05470244213938713,0.030073801055550575
0.05,Client_2,0.0039016686114440066,0.0157235786318779,0.04122287780046463,0.34984686563730955,0.0016746277894631003,0.0544285885989666,0.03307632356882095
0.05,Client_3,0.00311807830587645,0.019974539056420326,0.04738447529130748,0.6272734131881142,0.04685455961669214,0.05505291000008583,0.030741656199097633
0.05,Client_3,0.003115792316684783,0.014467869885265827,0.04261056732918535,4822.966175794778,0.9972160103299265,0.05551287904381752,0.037043459713459015
0.05,Client_1,0.003473150785314503,0.016369204968214035,0.02356787278716053,0.586542617215235,0.0020219714731840076,0.05424608662724495,0.03579816594719887
0.05,Client_2,0.004696030832413595,0.014478259719908237,0.0485217154824308,0.4848945284066575,0.0007620081968898085,0.05261775106191635,0.03721470758318901
0.05,Client_3,0.00318303870124333,0.014907232485711575,0.029231015260198286,11879.319006159561,0.9973337554379182,0.05489024147391319,0.035775963217020035
0.05,Client_2,0.004408095108735362,0.01390164066106081,0.050179608432309966,0.5065660686627069,0.000706886447563042,0.05147168040275574,0.036006491631269455
0.05,Client_1,0.0034223937757096056,0.017688555642962456,0.029090185649693012,0.663322874660433,0.0019593481145188632,0.05346593260765076,0.03465878218412399
0.05,Client_2,0.004649010394046146,0.013702650554478168,0.05258674241070237,0.506562212160604,0.002197889280341253,0.052778296172618866,0.032165054231882095
0.05,Client_3,0.00309093809436654,0.018504662439227104,0.037997109948524406,3.95636409736122,0.05700881848499211,0.050908781588077545,0.033677030354738235
0.05,Client_1,0.0033654222885689715,0.014859980903565884,0.020899392864001647,310.5258169205631,0.9407932822346668,0.05399583652615547,0.03306027874350548
0.05,Client_2,0.004643044945142563,0.013909720815718174,0.052342742548457215,0.004950353298122191,0.0006674807960580423,0.05465531349182129,0.029522232711315155
0.05,Client_3,0.0030813294285160467,0.011558912694454193,0.04637350195220539,3920.3289728256686,0.9972865172689771,0.05368359014391899,0.03183063492178917
0.05,Client_1,0.0034418263369056716,0.015622364357113838,0.02009051466094596,0.5756247059215249,0.002045991934964774,0.054404374212026596,0.029333652928471565
0.05,Client_2,0.004457790915830921,0.014624832198023796,0.0466467436136944,0.5065643885427484,0.00156596040702034,0.05339028686285019,0.03000866062939167
0.05,Client_3,0.003076224961369408,0.016412785276770592,0.03367091229717646,535.3337846327859,0.995824429348637,0.05246683955192566,0.029412053525447845
0.05,Client_1,0.0035242756552636726,0.018024208024144173,0.029093977063894272,0.39606298283471597,0.002609600244342728,0.05062106251716614,0.03134677931666374
0.05,Client_2,0.004768121086757213,0.014272981323301792,0.05378396489790508,0.0014128218591617262,0.0006668430893898654,0.05326520651578903,0.029370713979005814
0.05,Client_3,0.0031665848830001826,0.014726837165653706,0.03098559326359204,23.076801249881893,0.05427070543558425,0.05379799008369446,0.02995063178241253
0.05,Client_1,0.0034087273085204005,0.013012481853365898,0.028488774318248034,2359.580327882201,0.9450624414750259,0.0519561842083931,0.031796008348464966
0.05,Client_1,0.003299384683155992,0.013879945501685143,0.02368590408670051,15.115394708746486,0.002425009657979234,0.0521075464785099,0.03166656941175461
0.05,Client_2,0.004351083728277132,0.014292101375758648,0.04535502115530627,0.00016994634062267994,0.0006662841987303511,0.05339658260345459,0.029251553118228912
0.05,Client_3,0.0030720444847230303,0.013213026337325573,0.03074629238939711,27730.87670652155,0.9969086961432905,0.053816184401512146,0.02977747842669487
0.05,Client_3,0.003048725190576886,0.014783496968448162,0.03178279820297446,7.704402665313729,0.05151031336765162,0.053951408714056015,0.029978865757584572
0.05,Client_2,0.004381083910762375,0.014460754580795765,0.045369893844638555,0.0015697705873852139,0.0006675953467432251,0.052512265741825104,0.03200225904583931
0.05,Client_1,0.003496157867756892,0.01362214982509613,0.02370085520669818,1127.480580687381,0.9478220812856053,0.05366332828998566,0.029392732307314873
0.05,Client_3,0.003037896769706022,0.014964870177209377,0.038279636829559295,23.95774913997326,0.9544967643156784,0.05181644484400749,0.030974602326750755
0.05,Client_2,0.004257632466004905,0.014117786660790443,0.04596156467284475,0.5065659444915795,0.01989581789085217,0.053324393928050995,0.028867991641163826
0.05,Client_1,0.0032946828407745565,0.015346185304224491,0.01945626230112144,0.6243642981547414,0.025607407793469567,0.05369475111365318,0.029089845716953278
0.05,Client_2,0.004019728235392701,0.014728819951415062,0.04498236533254385,0.02438772813555218,0.0006667405697522146,0.05364543944597244,0.02954268269240856
0.05,Client_3,0.0030649329572338536,0.012880930677056313,0.026909398513713052,50250.863159771565,0.9974178599033559,0.051894351840019226,0.03139786794781685
0.05,Client_1,0.003325606744590761,0.017754072323441505,0.02301698231271335,0.4862545874035533,0.0019153895268920736,0.05334426462650299,0.02907499112188816
0.05,Client_3,0.0030267377305800832,0.015314756892621517,0.02412090397306851,1031.4686376890425,0.9967957858199324,0.05310463160276413,0.03027728945016861
0.05,Client_1,0.003440233295844424,0.016427703201770782,0.027012476897133247,0.1780999256332254,0.0020705089260433527,0.050300177186727524,0.03148617595434189
0.05,Client_2,0.004115740029077044,0.013812936842441559,0.04414353599505765,0.5065681862620733,0.0011336952540243698,0.052412889897823334,0.02964753285050392
0.05,Client_3,0.0029982645925907725,0.012069815769791603,0.03791116976312229,14459.182235539694,0.9973478189230973,0.05118382349610329,0.03401646390557289
0.05,Client_2,0.004247916271474871,0.013214905746281147,0.052346820277827125,0.002881768693415149,0.00066646816249288,0.05378683656454086,0.033260148018598557
0.05,Client_1,0.0030552757890927765,0.013841962441802025,0.024117374859218086,1.2075223362278469,0.001985702914409716,0.05314207449555397,0.032361384481191635
0.05,Client_3,0.003011005737450775,0.014879075810313225,0.029000435889299427,966.4708072099077,0.9896804744152995,0.05046061798930168,0.03388702869415283
0.05,Client_2,0.002972997015859018,0.01615564338862896,0.0256903551385871,0.03449459324987999,0.0006999935703837144,0.05281263589859009,0.03252777084708214
0.05,Client_1,0.003203355843469812,0.015246950089931488,0.018917311182511703,7.891656198854177,0.009619522014316888,0.05364565923810005,0.033391907811164856
0.05,Client_1,0.003097709272636036,0.018559545278549194,0.026385999883392026,0.739980626424429,0.0020297172836415286,0.05252044275403023,0.029559839516878128
0.05,Client_2,0.003673589532856019,0.015142400749027729,0.04015027917921543,0.07212056901642709,0.0006783192502267906,0.050371330231428146,0.03148472681641579
0.05,Client_3,0.0029813905304315823,0.014041495509445667,0.036312653816172054,5703.607140168661,0.9972919534661316,0.05298854410648346,0.030172882601618767
